DiscountedFixedCost,DiscountedVariableCost,DiscountedTotalCost
4.907872751804827e9,4.0718283420191674e9,8.979701093823994e9
