FixedCost,VariableCost,TotalCost
4.907872751804828e9,4.0718283420191674e9,8.979701093823996e9
